{"(1, 0, 0)": {"0": -16.38291256349784, "1": -25.098440976038145}, "(0, 0, 0)": {"0": -22.628698755956453, "1": -22.911917032554832}, "(1, 0, 1)": {"0": -24.720751381444558, "1": -22.85010149407515}, "(1, 0, 2)": {"0": -28.047711072988726, "1": -25.101510975956515}, "(1, 0, 3)": {"0": -29.104746665481336, "1": -24.871776252617185}, "(1, 0, 4)": {"0": -30.052843685040056, "1": -25.811564263206854}, "(0, 1, 0)": {"0": -24.37323634832018, "1": -20.3706183077485}, "(1, 0, 5)": {"0": -31.551889505111447, "1": -25.805630468499814}, "(0, 2, 0)": {"0": -24.132937034007384, "1": -21.631609730315567}, "(1, 0, 6)": {"0": -35.63753863215986, "1": -25.280035937620518}, "(0, 3, 0)": {"0": -26.662879150075646, "1": -21.582969301373105}, "(0, 4, 0)": {"0": -26.437521864582727, "1": -21.88649556275234}, "(0, 5, 0)": {"0": -27.163983632628877, "1": -19.55374709027976}, "(0, 6, 0)": {"0": -28.834672763852712, "1": -20.831165140413166}, "(0, 7, 0)": {"0": -29.232858969114478, "1": -22.46054636959889}, "(0, 8, 0)": {"0": -31.404628863529297, "1": -24.162704446077544}, "(0, 9, 0)": {"0": -32.72266756319271, "1": -22.923560792015476}, "(0, 10, 0)": {"0": -34.989071445506085, "1": -23.95215686252211}, "(1, 0, 7)": {"0": -33.64567580830255, "1": -25.917712549319262}, "(0, 11, 0)": {"0": -35.156489567780234, "1": -23.758299225736504}, "(0, 12, 0)": {"0": -24.16931708045486, "1": -20.895337085732663}, "(0, 13, 0)": {"0": -12.254009650337935, "1": -15.566928035855907}, "(1, 0, 8)": {"0": -16.413923709613012, "1": -22.49721177629693}, "(0, 14, 0)": {"0": -6.321616365715518, "1": -5.093994538114808}, "(0, 15, 0)": {"0": 0.0, "1": -4.851068891702693}, "(1, 0, 9)": {"0": 0.0, "1": -2.7321990406901713}}