{"(1, 0, 0)": {"0": -21.867426928250246, "1": -27.254939956124794}, "(0, 0, 0)": {"0": -23.467799124735986, "1": -26.4307117159328}, "(1, 0, 1)": {"0": -24.321630077611736, "1": -25.298856785076097}, "(1, 0, 2)": {"0": -27.942343598856187, "1": -26.73407907503749}, "(1, 0, 3)": {"0": -29.223749791450196, "1": -26.49703845636691}, "(1, 0, 4)": {"0": -30.315945283314576, "1": -26.460834861688177}, "(0, 1, 0)": {"0": -26.778067512693603, "1": -24.906694209209483}, "(1, 0, 5)": {"0": -30.768579164670527, "1": -26.20764024390441}, "(0, 2, 0)": {"0": -26.93778649719988, "1": -25.093825344830964}, "(1, 0, 6)": {"0": -35.35409713988189, "1": -26.434728692236124}, "(0, 3, 0)": {"0": -28.136725218045, "1": -22.76282169070917}, "(0, 4, 0)": {"0": -29.860411996680867, "1": -23.453599938808985}, "(0, 5, 0)": {"0": -31.3212053857768, "1": -23.889857655649433}, "(0, 6, 0)": {"0": -31.896459785995745, "1": -24.17617210949153}, "(0, 7, 0)": {"0": -30.412668490240968, "1": -22.489201492429352}, "(0, 8, 0)": {"0": -30.974787965423733, "1": -21.962076142470554}, "(0, 9, 0)": {"0": -32.828300196507925, "1": -22.85084878549386}, "(0, 10, 0)": {"0": -35.613970960965325, "1": -23.46704343474818}, "(1, 0, 7)": {"0": -32.97532240410896, "1": -25.926813154552057}, "(0, 11, 0)": {"0": -35.76818677673178, "1": -24.34164552297826}, "(0, 12, 0)": {"0": -24.16931708045486, "1": -20.743952727166107}, "(0, 13, 0)": {"0": -12.254009650337935, "1": -15.566928035855907}, "(1, 0, 8)": {"0": -16.413923709613012, "1": -22.917296233718453}, "(0, 14, 0)": {"0": -6.321616365715518, "1": -5.093994538114808}, "(0, 15, 0)": {"0": 0.0, "1": -4.851068891702693}, "(1, 0, 9)": {"0": 0.0, "1": -2.7321990406901713}}