{"(0, 0, 0)": {"0": -50.786343743841606, "1": -412.9721482719349}, "(1, 0, 0)": {"0": -45.05399634972307, "1": -44.8022247684502}, "(0, 1, 0)": {"0": -1741.8272407886768, "1": -1596.0720475309222}, "(0, 2, 0)": {"0": -11730.105826483641, "1": -11657.329737747103}, "(1, 1, 0)": {"0": -139.2264532576762, "1": -140.12092603242832}, "(0, 3, 0)": {"0": -4819.792107008825, "1": -5246.568195039825}, "(1, 2, 0)": {"0": -108.17746781332954, "1": -179.9134431784075}, "(1, 3, 0)": {"0": -5.0262752584319985, "1": -19.85468693031008}, "(0, 4, 0)": {"0": 0.0, "1": -1.0205704780392726}, "(0, 0, 0, 0, 0)": {"0": -88.35206961597295, "1": -92.34763180529058}, "(1, 0, 0, 0, 0)": {"0": -367.01586974857605, "1": -99.57619178332699}, "(1, 0, 0, 0, 2)": {"0": -2964.5039349110807, "1": -2750.721258641133}, "(0, 0, 0, 0, 2)": {"0": -2878.4621202548033, "1": -2903.919763889077}, "(0, 0, 0, 1, 1)": {"0": -3247.1270842233466, "1": -3427.1154169025695}, "(1, 0, 0, 1, 1)": {"0": -3408.6360633041595, "1": -3353.99020251767}, "(1, 0, 0, 2, 0)": {"0": -3618.4385599357997, "1": -3599.850248897287}, "(0, 0, 0, 2, 0)": {"0": -3250.757739940334, "1": -3539.142793925083}, "(1, 0, 0, 2, 1)": {"0": -8814.71157022256, "1": -10912.507709290487}, "(0, 0, 0, 2, 1)": {"0": -9408.96963990455, "1": -8685.083151839304}, "(1, 0, 0, 1, 2)": {"0": -4609.190258380219, "1": -4432.250235980641}, "(0, 0, 0, 1, 2)": {"0": -4749.063759165722, "1": -4386.505386197509}, "(1, 0, 0, 1, 0)": {"0": -301.6839631574263, "1": -2.68304}, "(0, 0, 0, 1, 0)": {"0": -173.36374583051983, "1": -366.7920454689179}, "(0, 0, 0, 0, 1)": {"0": 0.0, "1": -292.1116289256569}, "(1, 0, 0, 0, 1)": {"0": 0.0, "1": -545.8092437787448}, "(0, 0, 0, 0, 3)": {"0": -4962.315900277411, "1": -4832.586325101132}, "(1, 0, 0, 0, 3)": {"0": -4828.491433871028, "1": -4428.892158106747}, "(1, 0, 0, 3, 0)": {"0": -1859.059490281851, "1": -1961.8619048774615}, "(0, 0, 0, 3, 0)": {"0": -1940.5906038600183, "1": -2098.7712867278774}}