{"(0, 0, 0)": {"0": -15.449446721957056, "1": -14.87614977975183}, "(1, 0, 0)": {"0": -14.653995320347374, "1": -15.778826829973793}, "(0, 1, 0)": {"0": -18.51188798208289, "1": -17.131048666322485}, "(1, 1, 0)": {"0": -20.970615263562788, "1": -24.257014527231842}, "(0, 2, 0)": {"0": -29.84875947003137, "1": -27.33480595080699}, "(1, 2, 0)": {"0": -27.61395510179838, "1": -29.80422700781672}, "(1, 4, 0)": {"0": -53.43072012516771, "1": -50.18215272230404}, "(1, 3, 0)": {"0": -32.28494797504242, "1": -35.09639968557542}, "(0, 3, 0)": {"0": -32.1946005846453, "1": -31.71421307633416}, "(0, 5, 0)": {"0": -55.79675390192848, "1": -54.8190164657888}, "(0, 4, 0)": {"0": -49.54410571708367, "1": -40.61640042453023}, "(1, 5, 0)": {"0": -64.32424154027622, "1": -61.86646354762311}, "(0, 6, 0)": {"0": -74.74362783331867, "1": -67.89532778099459}, "(1, 6, 0)": {"0": -73.29724928564998, "1": -74.86913122879862}, "(1, 7, 0)": {"0": -80.98433788543198, "1": -83.96790447170272}, "(0, 7, 0)": {"0": -81.27760777421506, "1": -79.08903877820087}, "(1, 8, 0)": {"0": -87.44117417672179, "1": -88.83985870672382}, "(0, 8, 0)": {"0": -89.8786770330636, "1": -85.67259835505402}, "(0, 11, 0)": {"0": -113.66569062498985, "1": -113.26566657148489}, "(1, 10, 0)": {"0": -108.1074061242369, "1": -102.1650481322943}, "(0, 10, 0)": {"0": -95.16566527418668, "1": -97.42922313035287}, "(0, 12, 0)": {"0": -124.77940560440115, "1": -121.37565462241214}, "(1, 11, 0)": {"0": -115.40614834006091, "1": -116.31107904066488}, "(0, 9, 0)": {"0": -99.15924739500196, "1": -90.62948542177196}, "(1, 9, 0)": {"0": -91.09810652129762, "1": -95.59055589554583}, "(1, 13, 0)": {"0": -121.624706313775, "1": -127.11309034945509}, "(1, 12, 0)": {"0": -121.83745768170168, "1": -120.75038328592694}, "(0, 13, 0)": {"0": -128.21368126374838, "1": -124.98191947699442}, "(0, 14, 0)": {"0": -131.4294969901324, "1": -129.12691588955946}, "(0, 15, 0)": {"0": -135.20264928897495, "1": -130.62474333562196}, "(1, 14, 0)": {"0": -128.67197696551068, "1": -119.99627272979714}, "(0, 16, 0)": {"0": -134.55537110458027, "1": -126.19489820581573}, "(0, 17, 0)": {"0": -139.81913740376774, "1": -127.62869057518166}, "(1, 15, 0)": {"0": -118.91546804801008, "1": -135.13118585805935}, "(1, 16, 0)": {"0": -124.34207507393461, "1": -135.39693168441426}, "(0, 18, 0)": {"0": -136.692157350388, "1": -122.58698973139526}, "(1, 17, 0)": {"0": -140.3712836830495, "1": -138.52856092401927}, "(0, 20, 0)": {"0": -128.8719281335184, "1": -126.40041008676599}, "(1, 18, 0)": {"0": -132.9336341096767, "1": -133.06883521741787}, "(1, 19, 0)": {"0": -121.92395883415617, "1": -130.81650346274404}, "(0, 19, 0)": {"0": -132.5053940282585, "1": -129.18018177167679}, "(1, 20, 0)": {"0": -119.60758701003617, "1": -127.20579139320466}, "(1, 22, 0)": {"0": -80.18454932757098, "1": -104.24400871511429}, "(1, 21, 0)": {"0": -114.4918973405505, "1": -107.81921049993382}, "(0, 21, 0)": {"0": -100.73917214168428, "1": -114.51092112458639}, "(0, 23, 0)": {"0": -84.07456203900375, "1": -81.32072918977464}, "(0, 24, 0)": {"0": -70.65373544353974, "1": -72.72049144532032}, "(1, 23, 0)": {"0": -76.37406180794031, "1": -75.4645659022658}, "(0, 22, 0)": {"0": -100.10650645905083, "1": -97.46459068380923}, "(1, 25, 0)": {"0": -23.73281146541735, "1": -29.14894951192513}, "(0, 26, 0)": {"0": -29.69073269974237, "1": -20.0077425607612}, "(1, 24, 0)": {"0": -61.20960037162572, "1": -53.89872745180229}, "(0, 25, 0)": {"0": -40.498373779465325, "1": -40.57664160004218}, "(0, 28, 0)": {"0": -7.97006, "1": -15.337128761100933}, "(1, 27, 0)": {"0": -5.3657333318700005, "1": -11.608373239289334}, "(1, 26, 0)": {"0": -21.940153209068967, "1": -16.47506130688879}, "(0, 27, 0)": {"0": -10.891910000000001, "1": -11.764112337261448}, "(1, 28, 0)": {"0": -3.1829159998683, "1": -2.9000000000000004}}