{"(0, 0, 0)": {"0": -50.786343743841606, "1": -412.9721482719349}, "(1, 0, 0)": {"0": -45.05399634972307, "1": -44.8022247684502}, "(0, 1, 0)": {"0": -1741.8272407886768, "1": -1596.0720475309222}, "(0, 2, 0)": {"0": -11730.105826483641, "1": -11657.329737747103}, "(1, 1, 0)": {"0": -139.2264532576762, "1": -140.12092603242832}, "(0, 3, 0)": {"0": -4819.792107008825, "1": -5246.568195039825}, "(1, 2, 0)": {"0": -108.17746781332954, "1": -179.9134431784075}, "(1, 3, 0)": {"0": -5.0262752584319985, "1": -19.85468693031008}, "(0, 4, 0)": {"0": 0.0, "1": -1.0205704780392726}, "(0, 0, 0, 0, 0)": {"0": -58.61067354930483, "1": -67.45190906971548}, "(1, 0, 0, 0, 0)": {"0": -79.72153976759775, "1": -359.12476699126603}, "(1, 0, 0, 0, 2)": {"0": -3260.6402796814073, "1": -3370.4943810062105}, "(0, 0, 0, 0, 2)": {"0": -3271.9214453182763, "1": -3110.740842630956}, "(0, 0, 0, 1, 1)": {"0": -3105.8185651644267, "1": -3057.6052031261656}, "(1, 0, 0, 1, 1)": {"0": -2704.334721030325, "1": -2899.3025169252314}, "(1, 0, 0, 2, 0)": {"0": -3186.162142627662, "1": -2967.7603621071503}, "(0, 0, 0, 2, 0)": {"0": -3155.6671392580674, "1": -3191.0826907449505}, "(1, 0, 0, 2, 1)": {"0": -4659.116217709595, "1": -4262.589772946186}, "(0, 0, 0, 2, 1)": {"0": -4581.642558549288, "1": -4451.25865016605}, "(1, 0, 0, 1, 2)": {"0": -3265.2354850817296, "1": -3060.0847966235815}, "(0, 0, 0, 1, 2)": {"0": -2927.3872862675184, "1": -2754.69419033431}, "(1, 0, 0, 1, 0)": {"0": -332.62142569008665, "1": -0.4}, "(0, 0, 0, 1, 0)": {"0": -225.73403255470413, "1": -11.385333737203737}, "(0, 0, 0, 0, 1)": {"0": 0.0, "1": -292.1116289256569}, "(1, 0, 0, 0, 1)": {"0": 0.0, "1": -299.17033744256327}}