{"(0, 0, 0)": {"0": -618.9784896130236, "1": -283.0547917232715}, "(1, 0, 0)": {"0": -46.98111374367463, "1": -44.23098125388009}, "(0, 1, 0)": {"0": -3134.009550886056, "1": -2949.945298857367}, "(1, 1, 0)": {"0": -77.27862000369342, "1": -108.83857209619121}, "(0, 2, 0)": {"0": -5368.001311428265, "1": -4982.942167654747}, "(1, 2, 0)": {"0": -152.4367170628747, "1": -209.82623696887833}, "(1, 4, 0)": {"0": -301.5311714175456, "1": -339.70624778884627}, "(1, 3, 0)": {"0": -275.08789089587526, "1": -287.5004788972285}, "(0, 3, 0)": {"0": -5226.319608418545, "1": -5778.984731883958}, "(0, 5, 0)": {"0": -5146.138522599449, "1": -4495.470449090833}, "(0, 4, 0)": {"0": -4474.607727954741, "1": -4414.789612691897}, "(1, 5, 0)": {"0": -102.54709861544652, "1": -78.75308675710099}, "(0, 6, 0)": {"0": -3682.4769102696064, "1": -3708.1874191448264}, "(1, 6, 0)": {"0": -49.629721849485705, "1": -43.885739258099555}, "(1, 7, 0)": {"0": -70.72831884280905, "1": -74.92115004066041}, "(0, 7, 0)": {"0": -2965.142800509727, "1": -2977.380746194478}, "(1, 8, 0)": {"0": -85.9262913968772, "1": -88.03990051472792}, "(0, 8, 0)": {"0": -3406.9597602982767, "1": -3429.175257995127}, "(0, 11, 0)": {"0": -5880.165874257025, "1": -5770.894516066485}, "(1, 10, 0)": {"0": -101.64392696417255, "1": -99.57092493186693}, "(0, 10, 0)": {"0": -5405.214907506972, "1": -5386.574916730935}, "(0, 12, 0)": {"0": -5988.787914416655, "1": -6087.184942025379}, "(1, 11, 0)": {"0": -110.09698791272976, "1": -117.47055377932577}, "(0, 9, 0)": {"0": -4287.600946004951, "1": -4066.832931092131}, "(1, 9, 0)": {"0": -92.43450518691972, "1": -99.74016353751645}, "(1, 13, 0)": {"0": -135.27296562462703, "1": -134.98659138498257}, "(1, 12, 0)": {"0": -122.26610397792984, "1": -124.54799121676402}, "(0, 13, 0)": {"0": -6500.600609504969, "1": -6440.375982169651}, "(0, 14, 0)": {"0": -7005.635052682343, "1": -6802.907630004953}, "(0, 15, 0)": {"0": -7470.181301465496, "1": -7762.4235331657255}, "(1, 14, 0)": {"0": -136.06571562806414, "1": -138.64460345565544}, "(0, 16, 0)": {"0": -8773.773838694535, "1": -8771.209279117074}, "(0, 17, 0)": {"0": -9185.181904128147, "1": -9175.413796119898}, "(1, 15, 0)": {"0": -142.5773846610017, "1": -141.4357979988559}, "(1, 16, 0)": {"0": -135.29225124086378, "1": -138.67859054493493}, "(0, 18, 0)": {"0": -10434.910986456904, "1": -10248.220089218956}, "(1, 17, 0)": {"0": -146.44687379001437, "1": -149.59388484264636}, "(0, 20, 0)": {"0": -11350.209239961385, "1": -10969.056833335802}, "(1, 18, 0)": {"0": -147.48122041399813, "1": -145.70565188261943}, "(1, 19, 0)": {"0": -141.5085515653571, "1": -151.6027464376048}, "(0, 19, 0)": {"0": -10863.487326678856, "1": -10604.435555358257}, "(1, 20, 0)": {"0": -148.73100287739436, "1": -148.8420624798967}, "(1, 22, 0)": {"0": -142.40203885987938, "1": -137.5760106241993}, "(1, 21, 0)": {"0": -143.97811406392984, "1": -146.8107031952532}, "(0, 21, 0)": {"0": -11372.703654117577, "1": -11136.381680704837}, "(0, 23, 0)": {"0": -12002.6739511841, "1": -11879.023419145251}, "(0, 24, 0)": {"0": -13539.839917723104, "1": -14316.535242888607}, "(1, 23, 0)": {"0": -129.50392960929267, "1": -126.91142570367035}, "(0, 22, 0)": {"0": -12748.592486450865, "1": -12607.323318640036}, "(1, 25, 0)": {"0": -100.85542555297289, "1": -92.42249370816539}, "(0, 26, 0)": {"0": -13038.370390039987, "1": -12147.423466487344}, "(1, 24, 0)": {"0": -108.39701086712695, "1": -107.53938150476533}, "(0, 25, 0)": {"0": -14596.147552960878, "1": -14314.517451596428}, "(0, 28, 0)": {"0": -15343.97619235371, "1": -15645.237731239187}, "(1, 27, 0)": {"0": -40.2240293504876, "1": -35.86897303332687}, "(1, 26, 0)": {"0": -78.36570358459758, "1": -70.62999121087611}, "(0, 27, 0)": {"0": -13884.282471137347, "1": -11865.091386900134}, "(1, 28, 0)": {"0": -5.66462439988147, "1": -11.088278826434362}, "(0, 29, 0)": {"0": -13804.366082575416, "1": -13765.475548023884}, "(0, 30, 0)": {"0": -13086.202458848127, "1": -13450.13424204328}, "(0, 31, 0)": {"0": -12270.993107820454, "1": -13173.10559914749}, "(0, 32, 0)": {"0": -12004.30979787253, "1": -11118.576811891098}, "(0, 33, 0)": {"0": -12240.627271506775, "1": -11992.895513611425}, "(0, 34, 0)": {"0": -10803.107819570649, "1": -11179.132141212276}, "(0, 35, 0)": {"0": -13034.800803381726, "1": -12267.801709511908}, "(0, 36, 0)": {"0": -9476.635990709636, "1": -8807.953608774178}, "(0, 37, 0)": {"0": -9475.921936833878, "1": -9451.486274780254}, "(0, 38, 0)": {"0": -8977.76777811801, "1": -6760.868980115008}, "(0, 39, 0)": {"0": -4071.501506913952, "1": -3576.6985547791646}, "(0, 40, 0)": {"0": -4382.779295373998, "1": -4467.324708473553}}