{"(1, 0, 0)": {"0": -3.556748785314385, "1": -2.6815532417853656}, "(0, 0, 0)": {"0": -2.9860439384529336, "1": -3.1354147195358157}, "(1, 0, 1)": {"0": -24.321630077611736, "1": -25.298856785076097}, "(1, 0, 2)": {"0": -27.942343598856187, "1": -26.73407907503749}, "(1, 0, 3)": {"0": -29.223749791450196, "1": -26.49703845636691}, "(1, 0, 4)": {"0": -30.315945283314576, "1": -26.460834861688177}, "(0, 1, 0)": {"0": -6.625523332266036, "1": -4.3308779028545015}, "(1, 0, 5)": {"0": -30.768579164670527, "1": -26.20764024390441}, "(0, 2, 0)": {"0": -9.601751420732226, "1": -9.787300708258787}, "(1, 0, 6)": {"0": -35.35409713988189, "1": -26.434728692236124}, "(0, 3, 0)": {"0": -17.49006502466153, "1": -15.320331962157642}, "(0, 4, 0)": {"0": -20.273793822407, "1": -19.62954515723286}, "(0, 5, 0)": {"0": -22.66539625070381, "1": -24.435789927308768}, "(0, 6, 0)": {"0": -28.927110447999294, "1": -29.16290100828829}, "(0, 7, 0)": {"0": -31.44227270167743, "1": -29.219976033340664}, "(0, 8, 0)": {"0": -26.60839453299899, "1": -25.279221960068977}, "(0, 9, 0)": {"0": -26.851273539520513, "1": -16.60737481351819}, "(0, 10, 0)": {"0": -33.51209708855313, "1": -21.162343401674327}, "(1, 0, 7)": {"0": -32.97532240410896, "1": -25.926813154552057}, "(0, 11, 0)": {"0": -35.76818677673178, "1": -22.907480970680435}, "(0, 12, 0)": {"0": -24.16931708045486, "1": -20.743952727166107}, "(0, 13, 0)": {"0": -12.254009650337935, "1": -15.566928035855907}, "(1, 0, 8)": {"0": -16.413923709613012, "1": -22.917296233718453}, "(0, 14, 0)": {"0": -6.321616365715518, "1": -5.093994538114808}, "(0, 15, 0)": {"0": 0.0, "1": -4.851068891702693}, "(1, 0, 9)": {"0": 0.0, "1": -2.7321990406901713}, "(1, 1, 0)": {"0": -6.379502252153062, "1": -6.318114123187836}, "(1, 2, 0)": {"0": -11.088446079392043, "1": -11.136044992392911}, "(1, 3, 0)": {"0": -17.269985902930436, "1": -19.50303188302606}, "(1, 5, 0)": {"0": -25.670933769131324, "1": -26.55910283956824}, "(1, 7, 0)": {"0": -28.599815839946032, "1": -28.9840219866999}, "(1, 8, 0)": {"0": -15.956099604840022, "1": -22.703251582061707}, "(1, 9, 0)": {"0": -5.294793763555487, "1": -17.8367335925348}, "(1, 4, 0)": {"0": -21.851779293314653, "1": -22.52581870438368}, "(1, 6, 0)": {"0": -31.609478439449187, "1": -30.59412593455597}, "(1, 10, 0)": {"0": -3.1376461802999565, "1": 0.0}}