{"(0, 0, 0)": {"0": -158.52023423504147, "1": -491.0850903278897}, "(1, 0, 0)": {"0": -46.98111374367463, "1": -44.23098125388009}, "(0, 1, 0)": {"0": -3715.103118643242, "1": -3674.9593045412653}, "(1, 1, 0)": {"0": -77.27862000369342, "1": -108.83857209619121}, "(0, 2, 0)": {"0": -4451.813502443055, "1": -4830.89252172918}, "(1, 2, 0)": {"0": -152.4367170628747, "1": -209.82623696887833}, "(1, 4, 0)": {"0": -301.5311714175456, "1": -339.70624778884627}, "(1, 3, 0)": {"0": -275.08789089587526, "1": -287.5004788972285}, "(0, 3, 0)": {"0": -6237.213655500264, "1": -5487.359766427667}, "(0, 5, 0)": {"0": -3602.44552997323, "1": -3616.1717021228405}, "(0, 4, 0)": {"0": -4501.049485905013, "1": -4527.37099570018}, "(1, 5, 0)": {"0": -102.54709861544652, "1": -78.75308675710099}, "(0, 6, 0)": {"0": -4017.207176920546, "1": -3919.5953696689667}, "(1, 6, 0)": {"0": -49.629721849485705, "1": -43.885739258099555}, "(1, 7, 0)": {"0": -70.72831884280905, "1": -74.92115004066041}, "(0, 7, 0)": {"0": -5107.134721344795, "1": -4700.112614719459}, "(1, 8, 0)": {"0": -85.9262913968772, "1": -88.03990051472792}, "(0, 8, 0)": {"0": -4117.622815137678, "1": -4296.871829682706}, "(0, 11, 0)": {"0": -6371.121761106252, "1": -6310.525007622247}, "(1, 10, 0)": {"0": -101.64392696417255, "1": -99.57092493186693}, "(0, 10, 0)": {"0": -5626.767504378062, "1": -5753.854992869539}, "(0, 12, 0)": {"0": -7005.969712595099, "1": -6912.327147502051}, "(1, 11, 0)": {"0": -110.09698791272976, "1": -117.47055377932577}, "(0, 9, 0)": {"0": -4796.615323267739, "1": -4774.458981770233}, "(1, 9, 0)": {"0": -92.43450518691972, "1": -99.74016353751645}, "(1, 13, 0)": {"0": -135.27296562462703, "1": -134.98659138498257}, "(1, 12, 0)": {"0": -122.26610397792984, "1": -124.54799121676402}, "(0, 13, 0)": {"0": -7831.793278619123, "1": -7416.633219558271}, "(0, 14, 0)": {"0": -8609.991991232982, "1": -8838.660152406945}, "(0, 15, 0)": {"0": -9445.071915374396, "1": -9493.775906987295}, "(1, 14, 0)": {"0": -136.06571562806414, "1": -138.64460345565544}, "(0, 16, 0)": {"0": -10065.215845390505, "1": -9963.282243695383}, "(0, 17, 0)": {"0": -10681.616437497221, "1": -10598.958738895304}, "(1, 15, 0)": {"0": -142.5773846610017, "1": -141.4357979988559}, "(1, 16, 0)": {"0": -135.29225124086378, "1": -138.67859054493493}, "(0, 18, 0)": {"0": -11948.272799383263, "1": -12068.903470309428}, "(1, 17, 0)": {"0": -146.44687379001437, "1": -149.59388484264636}, "(0, 20, 0)": {"0": -13298.455219378568, "1": -13684.273785505622}, "(1, 18, 0)": {"0": -147.48122041399813, "1": -145.70565188261943}, "(1, 19, 0)": {"0": -141.5085515653571, "1": -151.6027464376048}, "(0, 19, 0)": {"0": -12523.14476581749, "1": -12232.252520495222}, "(1, 20, 0)": {"0": -148.73100287739436, "1": -148.8420624798967}, "(1, 22, 0)": {"0": -142.40203885987938, "1": -137.5760106241993}, "(1, 21, 0)": {"0": -143.97811406392984, "1": -146.8107031952532}, "(0, 21, 0)": {"0": -14853.853354769253, "1": -14926.67667293336}, "(0, 23, 0)": {"0": -15440.329396115949, "1": -15733.090200604523}, "(0, 24, 0)": {"0": -16099.710609359372, "1": -15962.72560983907}, "(1, 23, 0)": {"0": -129.50392960929267, "1": -126.91142570367035}, "(0, 22, 0)": {"0": -15341.5187445015, "1": -15658.436659170711}, "(1, 25, 0)": {"0": -100.85542555297289, "1": -92.42249370816539}, "(0, 26, 0)": {"0": -15860.589480031109, "1": -15187.975281071951}, "(1, 24, 0)": {"0": -108.39701086712695, "1": -107.53938150476533}, "(0, 25, 0)": {"0": -16076.094911228553, "1": -16078.40764952146}, "(0, 28, 0)": {"0": -18076.935223945617, "1": -18896.0912355075}, "(1, 27, 0)": {"0": -40.2240293504876, "1": -35.86897303332687}, "(1, 26, 0)": {"0": -78.36570358459758, "1": -70.62999121087611}, "(0, 27, 0)": {"0": -17067.633768662712, "1": -16941.803365483636}, "(1, 28, 0)": {"0": -5.66462439988147, "1": -11.088278826434362}, "(0, 29, 0)": {"0": -17367.59710299863, "1": -16610.297057218784}, "(0, 30, 0)": {"0": -17229.028044233608, "1": -17202.65941362136}, "(0, 31, 0)": {"0": -15531.516237094238, "1": -15840.67731596596}, "(0, 32, 0)": {"0": -15824.321557490024, "1": -16278.800508271977}, "(0, 33, 0)": {"0": -17785.009423672578, "1": -17462.134238327995}, "(0, 34, 0)": {"0": -20050.377530877206, "1": -19041.396269935667}, "(0, 35, 0)": {"0": -17229.478502736467, "1": -17872.909167806403}, "(0, 36, 0)": {"0": -16774.242054166927, "1": -14891.91293127237}, "(0, 37, 0)": {"0": -10938.302071163565, "1": -12777.44446528616}, "(0, 38, 0)": {"0": -10602.412904061885, "1": -11040.83099821366}, "(0, 39, 0)": {"0": -4819.860842660331, "1": -6103.67363825285}, "(0, 40, 0)": {"0": -4382.779295373998, "1": -4467.324708473553}, "(0, 0, 0, 0, 0)": {"0": -247.7344089857308, "1": -244.31924431427154}, "(1, 0, 0, 0, 0)": {"0": -246.4268685067383, "1": -581.4614480475782}, "(1, 0, 0, 0, 1)": {"0": -3548.8754248890023, "1": -3557.9905429899136}, "(0, 0, 0, 0, 1)": {"0": -3157.5863907701932, "1": -3474.07499046459}, "(0, 0, 0, 1, 0)": {"0": -3646.0419302150713, "1": -3925.0483427258932}, "(1, 0, 0, 1, 0)": {"0": -3824.3019103087645, "1": -3888.265854578207}, "(1, 0, 0, 2, 0)": {"0": -2619.5578034734576, "1": -2848.149912384331}, "(0, 0, 0, 2, 0)": {"0": -2837.2387053917946, "1": -3000.7508279750527}, "(1, 0, 0, 1, 1)": {"0": -4288.386499922526, "1": -3956.7053865757953}, "(0, 0, 0, 1, 1)": {"0": -4747.786985553801, "1": -4357.144958345309}, "(1, 0, 0, 2, 1)": {"0": -1285.3880575596595, "1": -1632.0674528414474}, "(0, 0, 0, 2, 1)": {"0": -1533.491765747809, "1": -1325.8118356956295}, "(1, 0, 0, 0, 2)": {"0": -1954.373098711565, "1": -1899.290161763545}, "(0, 0, 0, 0, 2)": {"0": -1923.7117862991558, "1": -1706.231722773768}}