{"(0, 0, 0)": {"0": -8.656365878822292, "1": -8.903506405517073}, "(1, 0, 0)": {"0": -8.333719431342523, "1": -9.761160392286968}, "(0, 1, 0)": {"0": -16.52038299625091, "1": -12.625926745846611}, "(1, 1, 0)": {"0": -17.128322173136276, "1": -18.71857097177157}, "(0, 2, 0)": {"0": -25.071722387521394, "1": -20.806768035758598}, "(1, 2, 0)": {"0": -27.62817797111299, "1": -26.037421260636016}, "(1, 4, 0)": {"0": -37.63151280142342, "1": -40.66077610818844}, "(1, 3, 0)": {"0": -29.568617962128847, "1": -30.871245137988463}, "(0, 3, 0)": {"0": -29.40788806034664, "1": -25.91849931647671}, "(0, 5, 0)": {"0": -51.641492044854715, "1": -45.54919258617156}, "(0, 4, 0)": {"0": -37.49566922294554, "1": -33.213073366590216}, "(1, 5, 0)": {"0": -50.021150973780514, "1": -52.11382153812394}, "(0, 6, 0)": {"0": -66.76095881857584, "1": -59.655488300233365}, "(1, 6, 0)": {"0": -64.25963833301384, "1": -69.03895159154486}, "(1, 7, 0)": {"0": -73.80673743911345, "1": -77.57817817228857}, "(0, 7, 0)": {"0": -74.81109352934806, "1": -63.45074998011361}, "(1, 8, 0)": {"0": -85.9262913968772, "1": -88.03990051472792}, "(0, 8, 0)": {"0": -87.14860688935913, "1": -79.38618792934753}, "(0, 11, 0)": {"0": -111.56208298735962, "1": -107.78941630568075}, "(1, 10, 0)": {"0": -101.64392696417255, "1": -99.57092493186693}, "(0, 10, 0)": {"0": -107.54383384987844, "1": -101.55497272843324}, "(0, 12, 0)": {"0": -120.04708788543131, "1": -114.307827406817}, "(1, 11, 0)": {"0": -110.09698791272976, "1": -117.47055377932577}, "(0, 9, 0)": {"0": -88.16039592566247, "1": -91.21499136222512}, "(1, 9, 0)": {"0": -92.43450518691972, "1": -99.74016353751645}, "(1, 13, 0)": {"0": -135.27296562462703, "1": -134.98659138498257}, "(1, 12, 0)": {"0": -122.26610397792984, "1": -124.54799121676402}, "(0, 13, 0)": {"0": -132.76236333258367, "1": -124.25699283968484}, "(0, 14, 0)": {"0": -140.88688137793088, "1": -136.4505699420117}, "(0, 15, 0)": {"0": -142.9861159918607, "1": -141.18647821162648}, "(1, 14, 0)": {"0": -136.06571562806414, "1": -138.64460345565544}, "(0, 16, 0)": {"0": -147.89308314006382, "1": -143.69205309546788}, "(0, 17, 0)": {"0": -148.345364724624, "1": -144.80685049536632}, "(1, 15, 0)": {"0": -142.5773846610017, "1": -141.4357979988559}, "(1, 16, 0)": {"0": -135.29225124086378, "1": -138.67859054493493}, "(0, 18, 0)": {"0": -136.52129500825737, "1": -136.9760937373613}, "(1, 17, 0)": {"0": -146.44687379001437, "1": -149.59388484264636}, "(0, 20, 0)": {"0": -152.00557478154482, "1": -148.38806698205167}, "(1, 18, 0)": {"0": -147.48122041399813, "1": -145.70565188261943}, "(1, 19, 0)": {"0": -141.5085515653571, "1": -151.6027464376048}, "(0, 19, 0)": {"0": -151.89059693827676, "1": -147.328341188901}, "(1, 20, 0)": {"0": -148.73100287739436, "1": -148.8420624798967}, "(1, 22, 0)": {"0": -142.40203885987938, "1": -137.5760106241993}, "(1, 21, 0)": {"0": -143.97811406392984, "1": -146.8107031952532}, "(0, 21, 0)": {"0": -146.46225780024488, "1": -136.43093090284853}, "(0, 23, 0)": {"0": -121.55452437147119, "1": -126.3415933482962}, "(0, 24, 0)": {"0": -119.58643547014502, "1": -111.12331946941714}, "(1, 23, 0)": {"0": -129.50392960929267, "1": -126.91142570367035}, "(0, 22, 0)": {"0": -141.30706137467163, "1": -136.99813577645088}, "(1, 25, 0)": {"0": -100.85542555297289, "1": -92.42249370816539}, "(0, 26, 0)": {"0": -72.71659298439712, "1": -84.68056823188434}, "(1, 24, 0)": {"0": -108.39701086712695, "1": -107.53938150476533}, "(0, 25, 0)": {"0": -108.24539986239112, "1": -90.909527032408}, "(0, 28, 0)": {"0": -27.42526919106719, "1": -31.836432247550498}, "(1, 27, 0)": {"0": -40.2240293504876, "1": -35.86897303332687}, "(1, 26, 0)": {"0": -78.36570358459758, "1": -70.62999121087611}, "(0, 27, 0)": {"0": -42.03578018460162, "1": -52.52180668260664}, "(1, 28, 0)": {"0": -5.66462439988147, "1": -11.088278826434362}, "(0, 29, 0)": {"0": 0.0, "1": -5.045759015018298}}