{"(0, 0, 0)": {"0": -32.446481669729124, "1": -31.473176205229702}, "(1, 0, 0)": {"0": -26.61097507953342, "1": -33.24105954651156}, "(0, 1, 0)": {"0": -46.101659862008624, "1": -37.26941043857696}, "(0, 2, 0)": {"0": -43.9510106782143, "1": -48.702323881519966}, "(1, 1, 0)": {"0": -48.441481562096115, "1": -50.27602104195116}, "(0, 3, 0)": {"0": -5.755009010535234, "1": -16.825357863741964}, "(1, 2, 0)": {"0": -30.38009825850421, "1": -37.826970346232514}}