{"(0, 0, 0)": {"0": -9.102869468327555, "1": -8.42615737427615}, "(1, 0, 0)": {"0": -7.531433891788955, "1": -8.893270691131196}, "(0, 1, 0)": {"0": -16.42391375749535, "1": -12.56713176221554}, "(0, 2, 0)": {"0": -21.553014578575056, "1": -18.977652900967485}, "(1, 1, 0)": {"0": -15.930343650132194, "1": -16.911483954596005}, "(0, 3, 0)": {"0": -29.5445910968815, "1": -24.074936648642172}, "(1, 2, 0)": {"0": -22.924192633041326, "1": -22.329656567622685}, "(1, 3, 0)": {"0": -2.9021753547737763, "1": -5.5088025918904355}}