{"(0, 0, 0)": {"0": -28.273399308020007, "1": -26.896553925664268}, "(1, 0, 0)": {"0": -25.934292830106344, "1": -27.174562098736196}, "(0, 1, 0)": {"0": -33.181785386768425, "1": -32.28896911360575}, "(1, 2, 0)": {"0": -40.634798625866274, "1": -41.49775582387201}, "(1, 1, 0)": {"0": -30.303071418847786, "1": -31.82817174440627}, "(0, 2, 0)": {"0": -41.221495240081204, "1": -43.72023358518825}, "(0, 3, 0)": {"0": -44.34721840865773, "1": -47.113686630923105}, "(0, 4, 0)": {"0": -52.181610775367844, "1": -51.68886800245099}, "(1, 3, 0)": {"0": -47.87821386731628, "1": -47.32121315166287}, "(0, 5, 0)": {"0": -62.99234257029501, "1": -61.17022670790662}, "(1, 4, 0)": {"0": -49.92022125884207, "1": -50.08058470827385}, "(0, 6, 0)": {"0": -64.99145186485295, "1": -67.23100056789986}, "(1, 5, 0)": {"0": -58.36142530136295, "1": -59.741694931865986}, "(1, 6, 0)": {"0": -61.72772606202334, "1": -67.06023064055816}, "(1, 7, 0)": {"0": -79.74202922966829, "1": -87.64813806446308}, "(0, 7, 0)": {"0": -83.89342915187477, "1": -79.75848533807606}, "(1, 8, 0)": {"0": -95.25125352508562, "1": -94.99172877292227}, "(0, 8, 0)": {"0": -99.93927097841168, "1": -95.21050709250515}, "(0, 9, 0)": {"0": -102.48459601866061, "1": -109.36394949203844}, "(1, 9, 0)": {"0": -100.91869431777238, "1": -111.07856365384431}, "(0, 10, 0)": {"0": -117.3815548717484, "1": -116.97540920616783}, "(1, 10, 0)": {"0": -121.8162215168621, "1": -117.77380490064773}, "(0, 11, 0)": {"0": -116.815260269365, "1": -123.42081800336761}, "(1, 11, 0)": {"0": -119.19511377155567, "1": -117.4519478778756}, "(0, 12, 0)": {"0": -110.20674036547982, "1": -104.19807887666818}, "(1, 13, 0)": {"0": -78.74696953321816, "1": -80.77655948976067}, "(0, 13, 0)": {"0": -79.8446755270192, "1": -83.74032678838323}, "(1, 12, 0)": {"0": -110.3059766775802, "1": -108.76332440392363}, "(1, 14, 0)": {"0": -39.483608332556784, "1": -48.12725518647505}, "(0, 14, 0)": {"0": -54.932068398013854, "1": -56.74624705161484}, "(1, 15, 0)": {"0": -7.36837847494939, "1": -18.285202070918146}, "(0, 16, 0)": {"0": -18.463027858080004, "1": -4.5687}, "(0, 15, 0)": {"0": -27.36063678122869, "1": -19.269776403199117}, "(1, 16, 0)": {"0": -3.0, "1": -7.644014256}, "(0, 17, 0)": {"0": -30.163846373947703, "1": -21.7246720336}, "(1, 17, 0)": {"0": -26.893261515334515, "1": -24.329189046672003}, "(1, 18, 0)": {"0": -26.2404932312088, "1": -23.072044170928788}, "(0, 18, 0)": {"0": -26.637288391032705, "1": -26.366322055307066}, "(0, 19, 0)": {"0": -16.905693786903562, "1": -12.4451638652756}, "(1, 19, 0)": {"0": -21.94795990119684, "1": -16.4566720834084}, "(0, 20, 0)": {"0": -19.2919728, "1": -11.76343128676}, "(1, 20, 0)": {"0": -7.759931364, "1": -4.285944}}