{"(0, 0, 0)": {"0": -5.144937394554346, "1": -4.832795129562652}, "(1, 0, 0)": {"0": -5.866345331011088, "1": -5.161973983643555}, "(0, 1, 0)": {"0": -6.651805003846218, "1": -7.376838312756802}, "(1, 2, 0)": {"0": -12.867915875381271, "1": -13.805974055846994}, "(1, 1, 0)": {"0": -7.30919981604078, "1": -8.381976350050026}, "(0, 2, 0)": {"0": -13.277081274512422, "1": -11.845968014852927}, "(0, 3, 0)": {"0": -16.95281352814032, "1": -21.200075052291385}, "(0, 4, 0)": {"0": -29.33964286001197, "1": -27.353444286592165}, "(1, 3, 0)": {"0": -21.19044134127828, "1": -19.5825224114233}, "(0, 5, 0)": {"0": -35.19535683068182, "1": -37.207377853629204}, "(1, 4, 0)": {"0": -28.94418640652515, "1": -28.278324489677875}, "(0, 6, 0)": {"0": -39.67860814378113, "1": -45.417429684137744}, "(1, 5, 0)": {"0": -36.53980824023875, "1": -36.115160342737504}, "(1, 6, 0)": {"0": -47.9765420386864, "1": -44.39121078877507}, "(1, 7, 0)": {"0": -56.70754809381074, "1": -54.24278565333609}, "(0, 7, 0)": {"0": -54.78034699097788, "1": -54.96737746376704}, "(1, 8, 0)": {"0": -63.37444327954015, "1": -63.4587778467475}, "(0, 8, 0)": {"0": -62.961275624708655, "1": -61.062669601147554}, "(0, 9, 0)": {"0": -74.21666753085711, "1": -71.86152102459485}, "(1, 9, 0)": {"0": -75.87813723775623, "1": -75.59671587615776}, "(0, 10, 0)": {"0": -80.06541489100272, "1": -81.91464553890819}, "(1, 10, 0)": {"0": -82.5150427930604, "1": -81.64212725981928}, "(0, 11, 0)": {"0": -87.83622360323184, "1": -87.89500124655126}, "(1, 11, 0)": {"0": -89.7431852816889, "1": -87.77940420765697}, "(0, 12, 0)": {"0": -94.59093104143678, "1": -96.83506015650183}, "(1, 13, 0)": {"0": -102.64874670225656, "1": -101.80556612712263}, "(0, 13, 0)": {"0": -102.09504168032178, "1": -93.50003948810578}, "(1, 12, 0)": {"0": -90.64440631639803, "1": -96.49167520113997}, "(1, 14, 0)": {"0": -97.40138101111417, "1": -104.91992337216104}, "(0, 14, 0)": {"0": -104.87516628083321, "1": -101.53467304695225}, "(1, 15, 0)": {"0": -97.85098385029913, "1": -101.93806878990691}, "(0, 16, 0)": {"0": -95.33597955263124, "1": -95.53350646388468}, "(0, 15, 0)": {"0": -103.7988551275651, "1": -99.8182452929274}, "(1, 16, 0)": {"0": -87.96792139773815, "1": -94.38016525206102}, "(0, 17, 0)": {"0": -72.24400803073831, "1": -69.47091903744018}, "(1, 17, 0)": {"0": -76.5693399691547, "1": -71.0417687568443}, "(1, 18, 0)": {"0": -58.41450591355699, "1": -62.88395945954271}, "(0, 18, 0)": {"0": -64.627307711348, "1": -66.04001757729822}, "(0, 19, 0)": {"0": -52.52818127769438, "1": -46.88243147620479}, "(1, 19, 0)": {"0": -48.92156180035269, "1": -54.996068933531944}, "(0, 20, 0)": {"0": -40.29156513511452, "1": -44.189446635994045}, "(1, 20, 0)": {"0": -44.694919195916015, "1": -45.188375018956634}, "(1, 21, 0)": {"0": -39.22179267022552, "1": -40.501413827132026}, "(1, 22, 0)": {"0": -20.54061709769975, "1": -12.611730295756564}, "(0, 22, 0)": {"0": -20.667769419118347, "1": -19.42687423566054}, "(0, 23, 0)": {"0": -20.68892921104649, "1": -13.514304636673993}, "(0, 24, 0)": {"0": -13.572220031453933, "1": -7.642255322147}, "(1, 23, 0)": {"0": -27.14848004095613, "1": -16.908062378986617}, "(1, 24, 0)": {"0": -20.044329447119253, "1": -11.618117369600002}, "(0, 25, 0)": {"0": 0.0, "1": -7.711953941700001}, "(1, 25, 0)": {"0": -9.82053357, "1": -5.1674937713}, "(1, 26, 0)": {"0": -2.825, "1": 0.0}, "(0, 21, 0)": {"0": -39.33769126637581, "1": -38.58828930947496}}