{"(0, 0, 0)": {"0": -449.0347051685141, "1": -113.36839978416194}, "(1, 0, 0)": {"0": -45.05399634972307, "1": -44.8022247684502}, "(0, 1, 0)": {"0": -1278.825371565617, "1": -1288.5053233802423}, "(0, 2, 0)": {"0": -3111.7917482172297, "1": -3363.454383020532}, "(1, 1, 0)": {"0": -139.2264532576762, "1": -140.12092603242832}, "(0, 3, 0)": {"0": -5039.153713708214, "1": -5309.7941095733395}, "(1, 2, 0)": {"0": -108.17746781332954, "1": -179.9134431784075}, "(1, 3, 0)": {"0": -5.0262752584319985, "1": -19.85468693031008}, "(0, 4, 0)": {"0": 0.0, "1": -1.0205704780392726}}