{"(1, 0, 0)": {"0": -3.910983081170032, "1": -4.112909396422388}, "(0, 0, 0)": {"0": -3.4953242138208513, "1": -4.084800144299933}, "(1, 0, 1)": {"0": -24.321630077611736, "1": -25.298856785076097}, "(1, 0, 2)": {"0": -27.942343598856187, "1": -26.73407907503749}, "(1, 0, 3)": {"0": -29.223749791450196, "1": -26.49703845636691}, "(1, 0, 4)": {"0": -30.315945283314576, "1": -26.460834861688177}, "(0, 1, 0)": {"0": -7.434480368182259, "1": -6.2746881699413395}, "(1, 0, 5)": {"0": -30.768579164670527, "1": -26.20764024390441}, "(0, 2, 0)": {"0": -10.56223139022585, "1": -11.471624445706146}, "(1, 0, 6)": {"0": -35.35409713988189, "1": -26.434728692236124}, "(0, 3, 0)": {"0": -16.750854694237567, "1": -16.254278918468398}, "(0, 4, 0)": {"0": -19.370999316939916, "1": -18.864626193058317}, "(0, 5, 0)": {"0": -24.829641967598647, "1": -23.739350142874827}, "(0, 6, 0)": {"0": -28.062873834262398, "1": -29.695055653095455}, "(0, 7, 0)": {"0": -31.640481346041344, "1": -30.483959207528514}, "(0, 8, 0)": {"0": -27.15989949958778, "1": -26.084598299580048}, "(0, 9, 0)": {"0": -26.397770923730555, "1": -16.464417666941777}, "(0, 10, 0)": {"0": -33.51209708855313, "1": -21.162343401674327}, "(1, 0, 7)": {"0": -32.97532240410896, "1": -25.926813154552057}, "(0, 11, 0)": {"0": -35.76818677673178, "1": -22.907480970680435}, "(0, 12, 0)": {"0": -24.16931708045486, "1": -20.743952727166107}, "(0, 13, 0)": {"0": -12.254009650337935, "1": -15.566928035855907}, "(1, 0, 8)": {"0": -16.413923709613012, "1": -22.917296233718453}, "(0, 14, 0)": {"0": -6.321616365715518, "1": -5.093994538114808}, "(0, 15, 0)": {"0": 0.0, "1": -4.851068891702693}, "(1, 0, 9)": {"0": 0.0, "1": -2.7321990406901713}, "(1, 1, 0)": {"0": -6.664112297004132, "1": -7.952319971952955}, "(1, 2, 0)": {"0": -12.238900926417426, "1": -13.290089281046333}, "(1, 3, 0)": {"0": -16.66153418929987, "1": -17.565919112407684}, "(1, 5, 0)": {"0": -25.791164848922385, "1": -25.9136963932788}, "(1, 7, 0)": {"0": -29.522327553477247, "1": -30.20934423723337}, "(1, 8, 0)": {"0": -18.781499326028477, "1": -22.703251582061707}, "(1, 9, 0)": {"0": -5.294793763555487, "1": -17.8367335925348}, "(1, 4, 0)": {"0": -20.669524170108506, "1": -22.92770114852532}, "(1, 6, 0)": {"0": -31.51956270058533, "1": -31.923748933793156}, "(1, 10, 0)": {"0": -3.823881562269961, "1": 0.0}}