{"(0, 0, 0)": {"0": -3.856314989073871, "1": -4.942867447508828}, "(1, 0, 0)": {"0": -4.932784444136109, "1": -4.899987781746783}, "(0, 1, 0)": {"0": -8.45747174860891, "1": -9.531478908998682}, "(1, 2, 0)": {"0": -14.738501769009366, "1": -18.09393218563067}, "(1, 1, 0)": {"0": -9.226417243090816, "1": -8.555739627011437}, "(0, 2, 0)": {"0": -17.188246790228767, "1": -17.21065492930298}, "(0, 3, 0)": {"0": -20.422159390694034, "1": -23.50791771098795}, "(0, 4, 0)": {"0": -28.994842552770287, "1": -32.21821418137265}, "(1, 3, 0)": {"0": -21.655678651712464, "1": -21.60401176864508}, "(0, 5, 0)": {"0": -38.37420736552902, "1": -38.262353884974935}, "(1, 4, 0)": {"0": -28.81431413834542, "1": -29.126914972247793}, "(0, 6, 0)": {"0": -42.912839364660435, "1": -47.11610342770981}, "(1, 5, 0)": {"0": -35.214866256450186, "1": -38.293180011477936}, "(1, 6, 0)": {"0": -45.84222639496806, "1": -45.00319067260453}, "(1, 7, 0)": {"0": -56.936500767551536, "1": -55.103640096544424}, "(0, 7, 0)": {"0": -52.04401643325241, "1": -53.162916207640905}, "(1, 8, 0)": {"0": -63.431599867551824, "1": -63.493158880030016}, "(0, 8, 0)": {"0": -63.488007636742736, "1": -62.68900261964801}, "(0, 9, 0)": {"0": -65.80600589910847, "1": -73.0390114234356}, "(1, 9, 0)": {"0": -77.15260033406176, "1": -73.00457824303496}, "(0, 10, 0)": {"0": -75.11132661409397, "1": -78.38991316102678}, "(1, 10, 0)": {"0": -81.72620151695033, "1": -80.02332351309337}, "(0, 11, 0)": {"0": -89.1345994940528, "1": -89.64564343438339}, "(1, 11, 0)": {"0": -87.75047983749606, "1": -89.29682811161159}, "(0, 12, 0)": {"0": -93.82073788925534, "1": -92.1552218106419}, "(1, 13, 0)": {"0": -102.4376170738262, "1": -101.61682618697637}, "(0, 13, 0)": {"0": -103.46695631625042, "1": -93.62369034585768}, "(1, 12, 0)": {"0": -97.72725722579848, "1": -94.41148815034258}, "(1, 14, 0)": {"0": -107.82320175845055, "1": -106.44822917753581}, "(0, 14, 0)": {"0": -106.79329694517881, "1": -105.00596553765622}, "(1, 15, 0)": {"0": -109.14478668872933, "1": -107.72728535952281}, "(0, 16, 0)": {"0": -102.63099822584752, "1": -103.64915002774754}, "(0, 15, 0)": {"0": -106.64238922821737, "1": -106.61594612574994}, "(1, 16, 0)": {"0": -91.01290787860002, "1": -99.93941795869408}, "(0, 17, 0)": {"0": -76.4185977451938, "1": -77.98850845544952}, "(1, 17, 0)": {"0": -79.23274956847517, "1": -74.83842975017664}, "(1, 18, 0)": {"0": -58.41450591355699, "1": -62.88395945954271}, "(0, 18, 0)": {"0": -64.627307711348, "1": -67.8246205232491}, "(0, 19, 0)": {"0": -52.52818127769438, "1": -46.88243147620479}, "(1, 19, 0)": {"0": -48.92156180035269, "1": -54.996068933531944}, "(0, 20, 0)": {"0": -40.29156513511452, "1": -44.189446635994045}, "(1, 20, 0)": {"0": -44.694919195916015, "1": -45.188375018956634}, "(1, 21, 0)": {"0": -39.22179267022552, "1": -40.501413827132026}, "(1, 22, 0)": {"0": -20.54061709769975, "1": -12.611730295756564}, "(0, 22, 0)": {"0": -20.667769419118347, "1": -19.42687423566054}, "(0, 23, 0)": {"0": -20.68892921104649, "1": -13.514304636673993}, "(0, 24, 0)": {"0": -13.572220031453933, "1": -7.642255322147}, "(1, 23, 0)": {"0": -27.14848004095613, "1": -16.908062378986617}, "(1, 24, 0)": {"0": -20.044329447119253, "1": -11.618117369600002}, "(0, 25, 0)": {"0": 0.0, "1": -7.711953941700001}, "(1, 25, 0)": {"0": -9.82053357, "1": -5.1674937713}, "(1, 26, 0)": {"0": -2.825, "1": 0.0}, "(0, 21, 0)": {"0": -39.33769126637581, "1": -38.58828930947496}}