{"(0, 0, 0)": {"0": -50.786343743841606, "1": -412.9721482719349}, "(1, 0, 0)": {"0": -45.05399634972307, "1": -44.8022247684502}, "(0, 1, 0)": {"0": -1741.8272407886768, "1": -1596.0720475309222}, "(0, 2, 0)": {"0": -11730.105826483641, "1": -11657.329737747103}, "(1, 1, 0)": {"0": -139.2264532576762, "1": -140.12092603242832}, "(0, 3, 0)": {"0": -4819.792107008825, "1": -5246.568195039825}, "(1, 2, 0)": {"0": -108.17746781332954, "1": -179.9134431784075}, "(1, 3, 0)": {"0": -5.0262752584319985, "1": -19.85468693031008}, "(0, 4, 0)": {"0": 0.0, "1": -1.0205704780392726}, "(0, 0, 0, 0, 0)": {"0": -70.75125940746713, "1": -98.80987077514304}, "(1, 0, 0, 0, 0)": {"0": -570.2752356495796, "1": -92.83998407165144}, "(1, 0, 0, 0, 2)": {"0": -3050.556089043102, "1": -3322.792844173701}, "(0, 0, 0, 0, 2)": {"0": -3444.40048264876, "1": -3383.0944509228434}, "(0, 0, 0, 1, 1)": {"0": -3795.8798876556066, "1": -3616.104791595112}, "(1, 0, 0, 1, 1)": {"0": -4040.8919097199787, "1": -3953.587405850225}, "(1, 0, 0, 2, 0)": {"0": -3504.889799753459, "1": -3829.060384725336}, "(0, 0, 0, 2, 0)": {"0": -3775.347083761691, "1": -3797.012625519438}, "(1, 0, 0, 2, 1)": {"0": -3962.8680385330035, "1": -4193.197626430795}, "(0, 0, 0, 2, 1)": {"0": -4355.676451396849, "1": -4298.3407056387805}, "(1, 0, 0, 1, 2)": {"0": -4244.285100486968, "1": -4693.515651913751}, "(0, 0, 0, 1, 2)": {"0": -4484.702626775578, "1": -4550.048248174821}, "(1, 0, 0, 1, 0)": {"0": -301.6839631574263, "1": -2.68304}, "(0, 0, 0, 1, 0)": {"0": -173.36374583051983, "1": -366.7920454689179}, "(0, 0, 0, 0, 1)": {"0": 0.0, "1": -292.1116289256569}, "(1, 0, 0, 0, 1)": {"0": 0.0, "1": -545.8092437787448}, "(0, 0, 0, 0, 3)": {"0": -3811.7109148953787, "1": -4088.8272765181964}, "(1, 0, 0, 0, 3)": {"0": -4157.279381305758, "1": -4071.855871245248}, "(1, 0, 0, 3, 0)": {"0": -1859.059490281851, "1": -1961.8619048774615}, "(0, 0, 0, 3, 0)": {"0": -1940.5906038600183, "1": -2098.7712867278774}}