{"(0, 0, 0)": {"0": -30.646977420113636, "1": -31.832566119827785}, "(1, 0, 0)": {"0": -29.342154528006805, "1": -30.599894029809814}, "(0, 1, 0)": {"0": -36.247145024400076, "1": -32.685075496407556}, "(1, 2, 0)": {"0": -37.36997942692805, "1": -40.72867088188889}, "(1, 1, 0)": {"0": -35.035933529977164, "1": -33.15357432346425}, "(0, 2, 0)": {"0": -40.62117292311121, "1": -43.2910583894066}, "(0, 3, 0)": {"0": -50.29905491478267, "1": -53.58984905559147}, "(0, 4, 0)": {"0": -58.50436992720321, "1": -61.25827294416985}, "(1, 3, 0)": {"0": -55.52394141676991, "1": -52.13338679511419}, "(0, 5, 0)": {"0": -69.02533935531584, "1": -66.6204806310395}, "(1, 4, 0)": {"0": -60.96053092260338, "1": -59.43964864510099}, "(0, 6, 0)": {"0": -74.25333499036392, "1": -76.25171673635128}, "(1, 5, 0)": {"0": -69.17097238228133, "1": -66.68616629518091}, "(1, 6, 0)": {"0": -80.59019298265812, "1": -79.0252464124809}, "(1, 7, 0)": {"0": -86.29552622434824, "1": -85.7557498919614}, "(0, 7, 0)": {"0": -93.72368569989145, "1": -89.46387064217913}, "(1, 8, 0)": {"0": -104.97475522952658, "1": -106.18302103432917}, "(0, 8, 0)": {"0": -106.60010207786209, "1": -102.9414863562387}, "(0, 9, 0)": {"0": -117.25496067612951, "1": -118.03037185140703}, "(1, 9, 0)": {"0": -125.34051345685242, "1": -121.85500742931715}, "(0, 10, 0)": {"0": -127.86194141949392, "1": -119.73235480327487}, "(1, 10, 0)": {"0": -125.97472529871295, "1": -124.85651085053036}, "(0, 11, 0)": {"0": -130.17335648958155, "1": -129.85240656975623}, "(1, 11, 0)": {"0": -131.38103927952443, "1": -135.36398723754118}, "(0, 12, 0)": {"0": -132.91934017467761, "1": -132.51671721803888}, "(1, 13, 0)": {"0": -122.15979174729786, "1": -126.36242860218567}, "(0, 13, 0)": {"0": -127.44833561124493, "1": -124.24112593670691}, "(1, 12, 0)": {"0": -130.63839106081699, "1": -132.22651021605998}, "(1, 14, 0)": {"0": -96.50982573690996, "1": -102.92500998555141}, "(0, 14, 0)": {"0": -99.9274988752594, "1": -98.65247718177596}, "(1, 15, 0)": {"0": -62.63018577861814, "1": -66.1382429942157}, "(0, 16, 0)": {"0": -38.25689307418087, "1": -43.71270026549082}, "(0, 15, 0)": {"0": -63.96331774828393, "1": -56.474525287422566}, "(1, 16, 0)": {"0": -45.119050622866474, "1": -38.1575139781718}, "(0, 17, 0)": {"0": -37.63972414956002, "1": -41.929779160464484}, "(1, 17, 0)": {"0": -46.54955488534579, "1": -44.31454112897953}, "(1, 18, 0)": {"0": -39.774007630681695, "1": -29.582755906426687}, "(0, 18, 0)": {"0": -39.044839850926735, "1": -36.52373523003771}, "(0, 19, 0)": {"0": -16.905693786903562, "1": -12.4451638652756}, "(1, 19, 0)": {"0": -21.94795990119684, "1": -20.1083608302605}, "(0, 20, 0)": {"0": -19.2919728, "1": -11.76343128676}, "(1, 20, 0)": {"0": -7.759931364, "1": -4.285944}}