{"(0, 0, 0)": {"0": -31.741561775838353, "1": -32.970561818331426}, "(1, 0, 0)": {"0": -33.83845780035251, "1": -34.28779154278901}, "(0, 1, 0)": {"0": -36.84777968870511, "1": -33.351515965617374}, "(0, 2, 0)": {"0": -42.96152553528037, "1": -42.03695328955326}, "(1, 1, 0)": {"0": -42.947769281758504, "1": -43.169751229422275}, "(0, 3, 0)": {"0": -21.610378886697596, "1": -40.56229360863557}, "(1, 2, 0)": {"0": -46.002663233225874, "1": -47.50956034672951}}