{"(0, 0, 0)": {"0": -17.469451463541958, "1": -17.33138690523626}, "(1, 0, 0)": {"0": -15.701948339067398, "1": -17.445575741326483}, "(0, 1, 0)": {"0": -18.468456298450885, "1": -17.199444551465476}, "(0, 2, 0)": {"0": -21.314290193289168, "1": -19.612997078536836}, "(1, 1, 0)": {"0": -18.550037760048973, "1": -19.76115838542344}, "(0, 3, 0)": {"0": -27.727473506962014, "1": -23.326376713894906}, "(1, 2, 0)": {"0": -20.678305469456376, "1": -21.510062040144575}, "(1, 3, 0)": {"0": -4.673005311547473, "1": -5.5088025918904355}}