{"(0, 0, 0)": {"0": -2116.895072524661, "1": -2012.8471177069405}, "(1, 0, 0)": {"0": -28.443061225747414, "1": -28.741970111412012}, "(0, 1, 0)": {"0": -2403.6401966857597, "1": -2293.941164003849}, "(1, 2, 0)": {"0": -54.755941411488216, "1": -60.897294542424376}, "(1, 1, 0)": {"0": -39.741055750584735, "1": -36.57560986960443}, "(0, 2, 0)": {"0": -2362.9460239962787, "1": -2341.449568547141}, "(0, 3, 0)": {"0": -2459.155454851092, "1": -2639.317707639964}, "(0, 4, 0)": {"0": -3087.0728181286904, "1": -3166.4850059538726}, "(1, 3, 0)": {"0": -111.26231907585641, "1": -129.06014323475347}, "(0, 5, 0)": {"0": -3304.419329926448, "1": -3300.138976822328}, "(1, 4, 0)": {"0": -195.27309909381876, "1": -188.57305463209676}, "(0, 6, 0)": {"0": -3540.1289182204105, "1": -3489.5525569796614}, "(1, 5, 0)": {"0": -293.37249188027596, "1": -256.52830220871243}, "(1, 6, 0)": {"0": -351.9428312813264, "1": -343.4108565451262}, "(1, 7, 0)": {"0": -495.6357425349484, "1": -514.0571206855774}, "(0, 7, 0)": {"0": -4015.533367121158, "1": -4033.3021740827394}, "(1, 8, 0)": {"0": -636.8400152588779, "1": -652.4222494322145}, "(0, 8, 0)": {"0": -4748.747175512499, "1": -4661.7146472017685}, "(0, 9, 0)": {"0": -4924.622349646595, "1": -4845.136812290141}, "(1, 9, 0)": {"0": -789.979176205474, "1": -818.6809736149821}, "(0, 10, 0)": {"0": -4808.096770307, "1": -4784.285376320861}, "(1, 10, 0)": {"0": -930.7829766781308, "1": -961.588737907546}, "(0, 11, 0)": {"0": -5393.6652836303865, "1": -5633.991823173883}, "(1, 11, 0)": {"0": -906.0256390146857, "1": -981.3793227464092}, "(0, 12, 0)": {"0": -5520.878283627165, "1": -5682.940244586189}, "(1, 13, 0)": {"0": -888.0173862768946, "1": -920.7743568353713}, "(0, 13, 0)": {"0": -5761.707854678978, "1": -5642.4449621119975}, "(1, 12, 0)": {"0": -970.5506193697394, "1": -978.6967820368911}, "(1, 14, 0)": {"0": -964.7237522274971, "1": -916.6900345203101}, "(0, 14, 0)": {"0": -5497.963695881728, "1": -5547.996713491982}, "(1, 15, 0)": {"0": -875.4772257883542, "1": -845.0341496791007}, "(0, 16, 0)": {"0": -4494.015756073201, "1": -4473.554071476797}, "(0, 15, 0)": {"0": -4714.8038120695965, "1": -5328.871545437037}, "(1, 16, 0)": {"0": -842.5097145728967, "1": -796.1451866675493}, "(0, 17, 0)": {"0": -2299.366139925572, "1": -2338.589237945152}, "(1, 17, 0)": {"0": -719.5680957742953, "1": -687.2330846459909}, "(1, 18, 0)": {"0": -742.0066870282391, "1": -819.9167576604675}, "(0, 18, 0)": {"0": -1711.9461072364693, "1": -1777.2118929689786}, "(0, 19, 0)": {"0": -1762.5312548044042, "1": -1740.4200346101707}, "(1, 19, 0)": {"0": -860.8410779125453, "1": -912.577990662818}, "(0, 20, 0)": {"0": -1771.0246127390214, "1": -1520.9539006889706}, "(1, 20, 0)": {"0": -823.7944994448318, "1": -858.8173959614215}, "(1, 21, 0)": {"0": -932.043242616837, "1": -919.5522680856521}, "(1, 22, 0)": {"0": -1009.5259636995106, "1": -1004.5982005723896}, "(0, 22, 0)": {"0": -985.0021642958503, "1": -1013.0770303104936}, "(0, 23, 0)": {"0": -1079.8830443937409, "1": -1109.7095028213475}, "(0, 24, 0)": {"0": -1199.681931660365, "1": -1175.103894313642}, "(1, 23, 0)": {"0": -1096.9034313261268, "1": -1075.9797644593966}, "(1, 24, 0)": {"0": -1188.8324451914102, "1": -1189.0869494074589}, "(0, 25, 0)": {"0": -1273.4452250212228, "1": -1264.6255219332859}, "(1, 25, 0)": {"0": -1256.9507913688537, "1": -1262.5800338045929}, "(1, 26, 0)": {"0": -1352.4980767704012, "1": -1344.3018738593341}, "(0, 21, 0)": {"0": -1116.2029891170803, "1": -1315.0373958289135}, "(0, 26, 0)": {"0": -1351.320553731891, "1": -1358.9781186863024}, "(1, 27, 0)": {"0": -1460.8822169835862, "1": -1452.2974812383088}, "(0, 27, 0)": {"0": -1442.0182650278455, "1": -1447.4073575960851}, "(1, 28, 0)": {"0": -1551.8138197971325, "1": -1540.8347669497973}, "(0, 28, 0)": {"0": -1563.6110156038744, "1": -1544.1786275670945}, "(0, 29, 0)": {"0": -1690.2817451688388, "1": -1650.8363455159947}, "(1, 29, 0)": {"0": -1643.31809245631, "1": -1657.539525211903}, "(1, 30, 0)": {"0": -1750.0550456106396, "1": -1772.0000932907271}, "(0, 30, 0)": {"0": -1797.8132286345942, "1": -1777.3915132395823}, "(1, 31, 0)": {"0": -1889.3633333202372, "1": -1895.3240131868758}, "(0, 31, 0)": {"0": -1895.812758121493, "1": -1908.102379176679}, "(0, 32, 0)": {"0": -2008.792254453018, "1": -2008.7293553350057}, "(0, 33, 0)": {"0": -2100.267986467407, "1": -2097.9552790876787}, "(0, 34, 0)": {"0": -2230.139357413238, "1": -2182.727237333285}, "(1, 35, 0)": {"0": -2325.9360638077724, "1": -2303.1142103510574}, "(1, 36, 0)": {"0": -2442.818571230929, "1": -2479.7750098997576}, "(0, 36, 0)": {"0": -2447.2008131855296, "1": -2446.5373716320405}, "(1, 37, 0)": {"0": -2582.4153648600645, "1": -2579.6460724656376}, "(0, 37, 0)": {"0": -2589.8024017428106, "1": -2581.060918936154}, "(1, 38, 0)": {"0": -2719.3892614253796, "1": -2719.117441998205}, "(0, 38, 0)": {"0": -2737.490477886182, "1": -2718.665409017613}, "(1, 39, 0)": {"0": -2865.535451714567, "1": -2834.085151200164}, "(0, 39, 0)": {"0": -2874.3250182965153, "1": -2833.776513976611}, "(1, 40, 0)": {"0": -2998.065940270372, "1": -3004.1774083775795}, "(0, 40, 0)": {"0": -3020.602248583801, "1": -2989.587075378171}, "(1, 41, 0)": {"0": -3174.6536592958046, "1": -3138.922478350183}, "(0, 42, 0)": {"0": -3283.2901756936226, "1": -3276.614996835794}, "(1, 42, 0)": {"0": -3279.784422169478, "1": -3287.2086925582107}, "(0, 43, 0)": {"0": -3415.490824556129, "1": -3403.3671396154714}, "(0, 44, 0)": {"0": -3632.2753279499975, "1": -3582.191033672828}, "(1, 44, 0)": {"0": -3567.3443827057786, "1": -3553.8782206454507}, "(0, 45, 0)": {"0": -3748.5831271343786, "1": -3741.6907050174577}, "(1, 45, 0)": {"0": -3768.982474586856, "1": -3740.8163405971914}, "(0, 46, 0)": {"0": -3867.4104903737407, "1": -3887.787243189115}, "(1, 47, 0)": {"0": -4087.2105767070784, "1": -4038.863928920758}, "(0, 48, 0)": {"0": -4249.255017642632, "1": -4240.9699834413705}, "(1, 49, 0)": {"0": -4418.601108542528, "1": -4418.888690599802}, "(0, 49, 0)": {"0": -4433.422792515976, "1": -4414.967958415416}, "(0, 50, 0)": {"0": -4543.219064213485, "1": -4561.59750282164}, "(0, 51, 0)": {"0": -4710.917364609363, "1": -4748.3300810046885}, "(0, 52, 0)": {"0": -4876.171575040086, "1": -4889.60902776587}, "(1, 52, 0)": {"0": -4919.919305748324, "1": -4863.974376514038}, "(0, 53, 0)": {"0": -5073.651737854074, "1": -5066.058365314386}, "(1, 53, 0)": {"0": -5080.241515620601, "1": -5090.414896736939}, "(0, 54, 0)": {"0": -5254.135577919643, "1": -5242.798799294902}, "(1, 55, 0)": {"0": -5435.876465608996, "1": -5410.706951752568}, "(0, 55, 0)": {"0": -5430.677346179426, "1": -5397.519370601713}, "(0, 56, 0)": {"0": -5545.5479935526155, "1": -5568.768257586205}, "(1, 56, 0)": {"0": -5583.815460844947, "1": -5611.277612484043}, "(1, 57, 0)": {"0": -5736.764862854268, "1": -5724.705111425751}, "(0, 57, 0)": {"0": -5731.8565986281665, "1": -5721.424664267789}, "(1, 58, 0)": {"0": -5878.278222070386, "1": -5873.144079994257}, "(0, 58, 0)": {"0": -5866.348708726018, "1": -5843.302120684298}, "(1, 59, 0)": {"0": -6065.741324772597, "1": -6097.226207333798}, "(0, 60, 0)": {"0": -6217.823659580386, "1": -6218.423489723592}, "(1, 61, 0)": {"0": -6304.19582597302, "1": -6318.997189164574}, "(1, 62, 0)": {"0": -6425.691758665392, "1": -6347.920764266227}, "(0, 62, 0)": {"0": -6365.866810170079, "1": -6415.928330747205}, "(1, 63, 0)": {"0": -6588.632484813148, "1": -6464.533061172966}, "(1, 64, 0)": {"0": -6730.435607223566, "1": -6713.464011081468}, "(0, 65, 0)": {"0": -6798.509665860819, "1": -6829.120890695864}, "(1, 65, 0)": {"0": -6785.60895387581, "1": -6805.166150498926}, "(0, 66, 0)": {"0": -6845.6726548849265, "1": -6869.776834457678}, "(0, 67, 0)": {"0": -6941.645940043705, "1": -6929.481168371107}, "(1, 68, 0)": {"0": -7005.514597821738, "1": -7009.226364995607}, "(0, 68, 0)": {"0": -7039.108209867801, "1": -7001.564627292214}, "(0, 69, 0)": {"0": -7030.116249044804, "1": -7084.400766322697},