{"(0, 0, 0)": {"0": -50.786343743841606, "1": -412.9721482719349}, "(1, 0, 0)": {"0": -45.05399634972307, "1": -44.8022247684502}, "(0, 1, 0)": {"0": -1741.8272407886768, "1": -1596.0720475309222}, "(0, 2, 0)": {"0": -11730.105826483641, "1": -11657.329737747103}, "(1, 1, 0)": {"0": -139.2264532576762, "1": -140.12092603242832}, "(0, 3, 0)": {"0": -4819.792107008825, "1": -5246.568195039825}, "(1, 2, 0)": {"0": -108.17746781332954, "1": -179.9134431784075}, "(1, 3, 0)": {"0": -5.0262752584319985, "1": -19.85468693031008}, "(0, 4, 0)": {"0": 0.0, "1": -1.0205704780392726}, "(0, 0, 0, 0, 0)": {"0": -193.72515032879676, "1": -153.36689023450805}, "(1, 0, 0, 0, 0)": {"0": -390.2947367240197, "1": -89.70129411739732}, "(1, 0, 0, 0, 2)": {"0": -3377.60143071695, "1": -3576.8637949908584}, "(0, 0, 0, 0, 2)": {"0": -3531.2384278590807, "1": -3139.3190718512933}, "(0, 0, 0, 1, 1)": {"0": -3495.1350288703743, "1": -3378.172446203299}, "(1, 0, 0, 1, 1)": {"0": -3179.0913012270585, "1": -3373.319299658058}, "(1, 0, 0, 2, 0)": {"0": -3250.622482996881, "1": -3593.0373891295612}, "(0, 0, 0, 2, 0)": {"0": -3422.688777984402, "1": -3456.451966816779}, "(1, 0, 0, 2, 1)": {"0": -11786.833775475488, "1": -12297.457049547691}, "(0, 0, 0, 2, 1)": {"0": -11049.656343241419, "1": -12541.748596706566}, "(1, 0, 0, 1, 2)": {"0": -4987.271090891358, "1": -4872.244201319035}, "(0, 0, 0, 1, 2)": {"0": -5558.860399686516, "1": -5361.57564820102}, "(1, 0, 0, 1, 0)": {"0": -301.6839631574263, "1": -2.68304}, "(0, 0, 0, 1, 0)": {"0": -173.36374583051983, "1": -366.7920454689179}, "(0, 0, 0, 0, 1)": {"0": -655.1925958366096, "1": -237.658173176695}, "(1, 0, 0, 0, 1)": {"0": -375.9335357204904, "1": -768.3028119136801}, "(0, 0, 0, 0, 3)": {"0": -4577.177336103153, "1": -4671.803567609564}, "(1, 0, 0, 0, 3)": {"0": -4009.172175247069, "1": -4448.245641892106}, "(1, 0, 0, 3, 0)": {"0": -3162.519300091022, "1": -2952.436121739248}, "(0, 0, 0, 3, 0)": {"0": -3390.4617811703392, "1": -3188.137336783103}}