{"(1, 0, 0)": {"0": -22.29496488464938, "1": -26.2633199853516}, "(0, 0, 0)": {"0": -23.34678795300598, "1": -24.183777732506982}, "(1, 0, 1)": {"0": -23.88682036364167, "1": -25.898259700306937}, "(1, 0, 2)": {"0": -28.110981338516556, "1": -26.499898339849167}, "(1, 0, 3)": {"0": -28.965009233600792, "1": -25.077922411896868}, "(1, 0, 4)": {"0": -29.522841651439204, "1": -26.10718890107247}, "(0, 1, 0)": {"0": -25.46232532487665, "1": -24.398069419578594}, "(1, 0, 5)": {"0": -33.00196661210221, "1": -25.819171781077923}, "(0, 2, 0)": {"0": -26.623589402961862, "1": -24.621563181153693}, "(1, 0, 6)": {"0": -35.678090115185, "1": -26.837688820789772}, "(0, 3, 0)": {"0": -27.361468987313735, "1": -26.83415083905504}, "(0, 4, 0)": {"0": -26.996128130390893, "1": -22.964004076532404}, "(0, 5, 0)": {"0": -29.254539544286853, "1": -23.879088757568688}, "(0, 6, 0)": {"0": -29.87482751805617, "1": -22.229876823454685}, "(0, 7, 0)": {"0": -30.161272457042468, "1": -22.81664585224651}, "(0, 8, 0)": {"0": -30.896300124588976, "1": -23.837794057732296}, "(0, 9, 0)": {"0": -34.03998758667949, "1": -22.51507630101381}, "(0, 10, 0)": {"0": -36.06095314163407, "1": -22.759079278369455}, "(1, 0, 7)": {"0": -33.64567580830255, "1": -26.702924837614127}, "(0, 11, 0)": {"0": -35.494446961400676, "1": -24.56886561761734}, "(0, 12, 0)": {"0": -24.05529118473789, "1": -20.895337085732663}, "(0, 13, 0)": {"0": -11.328389046564002, "1": -15.566928035855907}, "(1, 0, 8)": {"0": -16.413923709613012, "1": -22.49721177629693}, "(0, 14, 0)": {"0": -5.135129295239464, "1": -5.093994538114808}, "(0, 15, 0)": {"0": 0.0, "1": -3.109995002670763}, "(1, 0, 9)": {"0": 0.0, "1": -2.7321990406901713}}