{"(1, 0, 0)": {"0": -18.185752715725084, "1": -27.699535712523158}, "(0, 0, 0)": {"0": -22.005753510209942, "1": -23.91199876141521}, "(1, 0, 1)": {"0": -26.59732810661759, "1": -26.543623933118514}, "(1, 0, 2)": {"0": -28.20918040209564, "1": -27.924036531724973}, "(1, 0, 3)": {"0": -28.15169604088294, "1": -26.714144740666725}, "(1, 0, 4)": {"0": -28.439150093701446, "1": -23.49498157362882}, "(0, 1, 0)": {"0": -25.060963424833627, "1": -24.29982353478961}, "(1, 0, 5)": {"0": -32.31053342997752, "1": -24.991716259094318}, "(0, 2, 0)": {"0": -27.530879141976886, "1": -24.135724258687368}, "(1, 0, 6)": {"0": -36.01354433905177, "1": -25.46127623306657}, "(0, 3, 0)": {"0": -28.578600461358306, "1": -22.940993826542556}, "(0, 4, 0)": {"0": -29.057109193603456, "1": -24.839483087985382}, "(0, 5, 0)": {"0": -29.54032101272925, "1": -25.797059327926526}, "(0, 6, 0)": {"0": -29.96781780244693, "1": -22.0586118421909}, "(0, 7, 0)": {"0": -31.675977219024393, "1": -24.308770405943125}, "(0, 8, 0)": {"0": -31.733819717931556, "1": -22.6288089644465}, "(0, 9, 0)": {"0": -32.549661936031534, "1": -23.16593548239004}, "(0, 10, 0)": {"0": -35.44622500147882, "1": -23.416777096596764}, "(1, 0, 7)": {"0": -33.64567580830255, "1": -26.029478033057167}, "(0, 11, 0)": {"0": -35.494446961400676, "1": -24.14082952258943}, "(0, 12, 0)": {"0": -24.05529118473789, "1": -20.895337085732663}, "(0, 13, 0)": {"0": -11.328389046564002, "1": -15.566928035855907}, "(1, 0, 8)": {"0": -16.413923709613012, "1": -22.49721177629693}, "(0, 14, 0)": {"0": -5.135129295239464, "1": -5.093994538114808}, "(0, 15, 0)": {"0": 0.0, "1": -3.109995002670763}, "(1, 0, 9)": {"0": 0.0, "1": -2.7321990406901713}}