{"(1, 0, 0)": {"0": -17.75261202807447, "1": -23.46288126693263}, "(0, 0, 0)": {"0": -20.93673095283871, "1": -21.147266030683806}, "(1, 0, 1)": {"0": -21.44109208929133, "1": -22.69558773262658}, "(1, 0, 2)": {"0": -24.928915600176502, "1": -22.250032543995513}, "(1, 0, 3)": {"0": -28.327509370717017, "1": -23.424386847660145}, "(1, 0, 4)": {"0": -28.518974837565846, "1": -25.427555907661848}, "(0, 1, 0)": {"0": -23.08949883426759, "1": -21.778656946175825}, "(1, 0, 5)": {"0": -34.53924966324503, "1": -27.039292487791407}, "(0, 2, 0)": {"0": -22.357546201151745, "1": -19.778554699538024}, "(1, 0, 6)": {"0": -36.69899502347687, "1": -28.49230657648681}, "(0, 3, 0)": {"0": -23.00687976163669, "1": -20.738796859369394}, "(0, 4, 0)": {"0": -25.16390524139383, "1": -19.633743029185244}, "(0, 5, 0)": {"0": -27.654114229630448, "1": -20.902745283710228}, "(0, 6, 0)": {"0": -28.70676521914453, "1": -21.358693571676625}, "(0, 7, 0)": {"0": -29.90309494349514, "1": -21.013841093532033}, "(0, 8, 0)": {"0": -33.52534286133801, "1": -22.587455073522907}, "(0, 9, 0)": {"0": -32.096275472051914, "1": -24.256723765088132}, "(0, 10, 0)": {"0": -36.31713889762757, "1": -26.80488306594565}, "(1, 0, 7)": {"0": -33.46329467497018, "1": -27.883766643149258}, "(0, 11, 0)": {"0": -35.91280250111612, "1": -25.21067740903767}, "(0, 12, 0)": {"0": -24.150817967274588, "1": -20.895337085732663}, "(0, 13, 0)": {"0": -11.328389046564002, "1": -13.56074746465989}, "(1, 0, 8)": {"0": -16.413923709613012, "1": -22.49721177629693}, "(0, 14, 0)": {"0": -5.135129295239464, "1": -5.093994538114808}, "(0, 15, 0)": {"0": 0.0, "1": -3.109995002670763}, "(1, 0, 9)": {"0": 0.0, "1": -2.7321990406901713}}