{"(1, 0, 0)": {"0": -23.75918021185854, "1": -29.462760663488837}, "(0, 0, 0)": {"0": -25.13733929493264, "1": -25.86424548874146}, "(1, 0, 1)": {"0": -29.67279852125461, "1": -30.37915220479851}, "(1, 0, 2)": {"0": -32.00829904468818, "1": -30.594928350940567}, "(1, 0, 3)": {"0": -31.32569297818763, "1": -29.574729056649325}, "(1, 0, 4)": {"0": -32.98338854492769, "1": -28.68628613268058}, "(0, 1, 0)": {"0": -29.598364550279648, "1": -27.833231318504822}, "(1, 0, 5)": {"0": -35.683257026002586, "1": -27.990635454326824}, "(0, 2, 0)": {"0": -28.07736441496325, "1": -27.27440042430958}, "(1, 0, 6)": {"0": -36.69899502347687, "1": -29.138445327221934}, "(0, 3, 0)": {"0": -30.989647217795802, "1": -28.431146982813548}, "(0, 4, 0)": {"0": -31.9098037919421, "1": -27.68449361962209}, "(0, 5, 0)": {"0": -29.62147418792809, "1": -26.963234247422964}, "(0, 6, 0)": {"0": -29.9680619706085, "1": -24.314954495147084}, "(0, 7, 0)": {"0": -32.141566301487494, "1": -24.392672205008928}, "(0, 8, 0)": {"0": -34.2015478406749, "1": -25.670567908786555}, "(0, 9, 0)": {"0": -36.13650864480808, "1": -26.77055448057923}, "(0, 10, 0)": {"0": -36.31713889762757, "1": -26.80488306594565}, "(1, 0, 7)": {"0": -33.46329467497018, "1": -27.883766643149258}, "(0, 11, 0)": {"0": -35.91280250111612, "1": -26.220660699266002}, "(0, 12, 0)": {"0": -24.150817967274588, "1": -20.895337085732663}, "(0, 13, 0)": {"0": -11.328389046564002, "1": -13.56074746465989}, "(1, 0, 8)": {"0": -16.413923709613012, "1": -22.49721177629693}, "(0, 14, 0)": {"0": -5.135129295239464, "1": -5.093994538114808}, "(0, 15, 0)": {"0": 0.0, "1": -3.109995002670763}, "(1, 0, 9)": {"0": 0.0, "1": -2.7321990406901713}}