{"(1, 0, 0)": {"0": -21.635865758835617, "1": -26.81630800301665}, "(0, 0, 0)": {"0": -23.544667865555994, "1": -27.437411977117563}, "(1, 0, 1)": {"0": -29.025688627103804, "1": -28.61100462389784}, "(1, 0, 2)": {"0": -30.168326516601578, "1": -28.31812647290136}, "(1, 0, 3)": {"0": -30.76172192374994, "1": -28.190041277356997}, "(1, 0, 4)": {"0": -33.14060028873294, "1": -27.910203597452576}, "(0, 1, 0)": {"0": -27.20871196712473, "1": -25.521517526107402}, "(1, 0, 5)": {"0": -36.46578328104898, "1": -28.612754495489806}, "(0, 2, 0)": {"0": -26.768953748846023, "1": -23.84665471421009}, "(1, 0, 6)": {"0": -36.859922252267225, "1": -29.16738884929294}, "(0, 3, 0)": {"0": -28.67914797026168, "1": -24.001233538800403}, "(0, 4, 0)": {"0": -30.447420951624242, "1": -26.329492747470027}, "(0, 5, 0)": {"0": -30.95924416023453, "1": -26.3181069797548}, "(0, 6, 0)": {"0": -32.24519358918937, "1": -26.010549413325464}, "(0, 7, 0)": {"0": -32.8171430564671, "1": -24.79310253327676}, "(0, 8, 0)": {"0": -35.35507314769494, "1": -25.827603593610817}, "(0, 9, 0)": {"0": -35.970814472154615, "1": -27.264998638883917}, "(0, 10, 0)": {"0": -36.31713889762757, "1": -26.80488306594565}, "(1, 0, 7)": {"0": -33.46329467497018, "1": -27.883766643149258}, "(0, 11, 0)": {"0": -35.91280250111612, "1": -26.220660699266002}, "(0, 12, 0)": {"0": -24.150817967274588, "1": -20.895337085732663}, "(0, 13, 0)": {"0": -11.328389046564002, "1": -13.56074746465989}, "(1, 0, 8)": {"0": -16.413923709613012, "1": -22.49721177629693}, "(0, 14, 0)": {"0": -5.135129295239464, "1": -5.093994538114808}, "(0, 15, 0)": {"0": 0.0, "1": -3.109995002670763}, "(1, 0, 9)": {"0": 0.0, "1": -2.7321990406901713}}